Nombre,Enlace
Estudio AGR - Desarrolladora y Constructora,https://www.zonaprop.com.ar/inmobiliarias/estudio-agr-desarrolladora-y-constructora_30011304-inmuebles.html
MMP DEVELOPMENT GROUP,https://www.zonaprop.com.ar/inmobiliarias/mmp-development-group_17139174-inmuebles.html
Guillermo Dag,https://www.zonaprop.com.ar/inmobiliarias/guillermo-dag_17079176-inmuebles.html
Laura,https://www.zonaprop.com.ar/inmobiliarias/laura_17443173-inmuebles.html
Piedralba Grupo Inmobiliario,https://www.zonaprop.com.ar/inmobiliarias/piedralba-grupo-inmobiliario_17486813-inmuebles.html
Rosbaco & Partners,https://www.zonaprop.com.ar/inmobiliarias/rosbaco-partners_30351349-inmuebles.html
BAEK Y ASOCIADOS S.R.L,https://www.zonaprop.com.ar/inmobiliarias/baek-y-asociados-s.r.l_30455409-inmuebles.html
Estudio RCR,https://www.zonaprop.com.ar/inmobiliarias/estudio-rcr_30396982-inmuebles.html
PROPIET SERVICIOS INMOBILIARIOS,https://www.zonaprop.com.ar/inmobiliarias/propiet-servicios-inmobiliarios_30360791-inmuebles.html
Löwe Real Estate Developers,https://www.zonaprop.com.ar/inmobiliarias/lowe-real-estate-developers_30558681-inmuebles.html
G & A arquitectura - Constructora Inmobiliaria,https://www.zonaprop.com.ar/inmobiliarias/g-a-arquitectura-constructora-inmobiliaria_17062371-inmuebles.html
Grupo Upgrade,https://www.zonaprop.com.ar/inmobiliarias/grupo-upgrade_17273615-inmuebles.html
López Laguzzi Constructora,https://www.zonaprop.com.ar/inmobiliarias/lopez-laguzzi-constructora_30019569-inmuebles.html
Manuel Araoz,https://www.zonaprop.com.ar/inmobiliarias/manuel-araoz_17490419-inmuebles.html
Kuan S.A.,https://www.zonaprop.com.ar/inmobiliarias/kuan-s.a._30011013-inmuebles.html
Edificios Bloom,https://www.zonaprop.com.ar/inmobiliarias/edificios-bloom_30020312-inmuebles.html
HORMIGAZ,https://www.zonaprop.com.ar/inmobiliarias/hormigaz_17123163-inmuebles.html
Vanguardia constructora.arquitectura,https://www.zonaprop.com.ar/inmobiliarias/vanguardia-constructora.arquitectura_17137303-inmuebles.html
INCOUR,https://www.zonaprop.com.ar/inmobiliarias/incour_30063646-inmuebles.html
Inversora Delta srl,https://www.zonaprop.com.ar/inmobiliarias/inversora-delta-srl_17599472-inmuebles.html
